[
  {
    "model": "catalog.category",
    "pk": 242,
    "fields": {
      "name": "Гербицид",
      "discription": "Гербициды – химические соединения, которые применяют для уничтожения растительности. Они широко используются в сельском хозяйстве для уничтожения сорняков. Обработка гербицидами позволяет быстро и эффективно избавиться от сорных растений."
    }
  },
  {
    "model": "catalog.category",
    "pk": 243,
    "fields": {
      "name": "Инсектицид",
      "discription": "Инсектициды защищают зерновые, плодовые и овощные культуры, а также картофель от насекомых. Препараты эффективны против насекомых на всех стадиях развития: личинки, яйца, куколки и взрослые. Для достижения наилучших результатов инсектициды должны соч"
    }
  },
  {
    "model": "catalog.category",
    "pk": 244,
    "fields": {
      "name": "Фунгицид",
      "discription": "Фунгициды – химические средства защиты растений, используемые для борьбы с грибными заболеваниями. Современные препараты воздействуют на процессы метаболизма патогена, а также стимулируют защитные процессы в организме культурных растений."
    }
  },
  {
    "model": "catalog.category",
    "pk": 245,
    "fields": {
      "name": "Десикант",
      "discription": "Десиканты – разновидность пестицидов, химические вещества, вызывающие подсушивание растений на корню."
    }
  },
  {
    "model": "catalog.category",
    "pk": 246,
    "fields": {
      "name": "ПАВ",
      "discription": "ПАВ широко используются в агрономии и сельском хозяйстве для создания эмульсий пестицидов. Также их добавляют в рабочие растворы для повышения эффективности транспортировки питательных комплексов к растениям через мембранные стенки их клеток."
    }
  },
  {
    "model": "catalog.category",
    "pk": 247,
    "fields": {
      "name": "Регулятор роста",
      "discription": "Регуляторы роста растений позволяют контролировать и модулировать различные физиологические процессы растений, воздействуя на их рост, развитие, цветение и плодоношение. Регуляторы роста делятся на две большие группы: ретарданты - подавляют рост раст"
    }
  },
  {
    "model": "catalog.product",
    "pk": 16,
    "fields": {
      "name": "Алистер Гранд, МД",
      "discription": "Препаративная форма: Масляная дисперсия\r\nДействующее вещество: Мезосульфурон-метил + Йодосульфурон-метил-натрий + дифлюфеникан + антидот Мефенпир-диэтил 6 + 4,5 + 180 + 27 г/кг\r\nСпособ проникновения: Контактный пестицид, системный пестицид\r\nХарактер действия: Гербицид избирательного действия\r\nКласс опасности для человека: 3\r\nКласс опасности для пчел: 3\r\nФорма выпуска: н.д.\r\nСрок хранения: 2 года\r\nПригодность для авиа применения: Нет",
      "image": "catalog/9a5b3743099a4be7bf9d05c7c3e6db2c.png",
      "category": 242,
      "price": "5999.99",
      "created_at": "2024-04-07T16:46:12.690Z",
      "updated_at": "2024-04-29T10:17:35.020Z",
      "in_stock": false
    }
  },
  {
    "model": "catalog.product",
    "pk": 17,
    "fields": {
      "name": "Бетанал Эксперт ОФ, КЭ",
      "discription": "Препаративная форма: Концентрат эмульсии\r\nДействующее вещество: Этофумезат + фенмедифам + десмедифам 112 + 91 + 71 г/л\r\nСпособ проникновения: Контактный пестицид, системный пестицид\r\nХарактер действия: Гербицид избирательного действия\r\nКласс опасности для человека: 3\r\nКласс опасности для пчел: 3\r\nПроизводство: Импортный Отечественный\r\nФорма выпуска: Канистра 5 л.\r\nСрок хранения: Не менее 2-х лет с даты изготовления препарата\r\nПригодность для авиа применения: Нет",
      "image": "catalog/3aeec1c996ec4dd6aae71c45e5267ef1.png",
      "category": 242,
      "price": "14050.00",
      "created_at": "2024-04-07T16:48:40.076Z",
      "updated_at": "2024-05-01T14:12:30.609Z",
      "in_stock": true
    }
  },
  {
    "model": "catalog.product",
    "pk": 18,
    "fields": {
      "name": "Децис Эксперт, КЭ",
      "discription": "Препаративная форма: Концентрат эмульсии\r\nДействующее вещество: Дельтаметрин 100 г/л\r\nСпособ проникновения: Кишечный пестицид, контактный пестицид\r\nХарактер действия: Системный\r\nКласс опасности для человека: 3\r\nКласс опасности для пчел: 2\r\nПроизводство: Импортный\r\nФорма выпуска: Канистры 1л., 5 л.\r\nСрок хранения: Не менее 4 лет\r\nПригодность для авиа применения: Нет",
      "image": "catalog/c140b1203b0b46158c96a97b7090c30c.png",
      "category": 243,
      "price": "5040.00",
      "created_at": "2024-04-07T16:50:43.225Z",
      "updated_at": "2024-04-29T10:19:21.632Z",
      "in_stock": false
    }
  },
  {
    "model": "catalog.product",
    "pk": 19,
    "fields": {
      "name": "Протеус, МД",
      "discription": "Препаративная форма: Масляная дисперсия\r\nДействующее вещество: Тиаклоприд + дельтаметрин 100 + 10 г/л\r\nСпособ проникновения: Кишечный пестицид, контактный пестицид, системный пестицид\r\nХарактер действия: Системный\r\nКласс опасности для человека: 2\r\nКласс опасности для пчел: 2\r\nФорма выпуска: Канистра 1л, 5л.\r\nСрок хранения: н.д.\r\nПригодность для авиа применения: Нет",
      "image": "catalog/ab1d88863bba46d4ab953f1e7f1a95c1.png",
      "category": 243,
      "price": "11551.00",
      "created_at": "2024-04-07T16:53:09.590Z",
      "updated_at": "2024-04-30T10:52:37.188Z",
      "in_stock": true
    }
  },
  {
    "model": "catalog.product",
    "pk": 20,
    "fields": {
      "name": "Антракол, ВДГ",
      "discription": "Препаративная форма: Водно-диспергируемые гранулы\r\nДействующее вещество: Пропинеб 700 г/кг\r\nСпособ проникновения: Контактный\r\nХарактер действия: Системный, профилактический\r\nКласс опасности для человека: 2\r\nКласс опасности для пчел: 3\r\nФорма выпуска: 10 кг мешок\r\nСрок хранения: Не менее 3 лет\r\nПригодность для авиа применения: Нет",
      "image": "catalog/ee21fcd7766d4b79990c266deecc399f.png",
      "category": 244,
      "price": "1250.00",
      "created_at": "2024-04-07T16:54:48.479Z",
      "updated_at": "2024-04-30T10:52:33.925Z",
      "in_stock": true
    }
  },
  {
    "model": "catalog.product",
    "pk": 21,
    "fields": {
      "name": "Прозаро Квантум, КЭ",
      "discription": "Препаративная форма: Концентрат эмульсии\r\nДействующее вещество: Протиоконазол + тебуконазол 80 + 160 г/л\r\nСпособ проникновения: Системный пестицид\r\nХарактер действия: Защитный пестицид, иммунизирующий фунгицид, лечащий фунгицид\r\nКласс опасности для человека: 2\r\nКласс опасности для пчел: 3\r\nПроизводство: Импортный\r\nФорма выпуска: Канистра 5 л.\r\nСрок хранения: 2 года\r\nПригодность для авиа применения: Нет",
      "image": "catalog/159768a937f24f1eb6702c856346ede4.png",
      "category": 244,
      "price": "2900.00",
      "created_at": "2024-04-07T16:57:15.994Z",
      "updated_at": "2024-04-29T10:14:47.986Z",
      "in_stock": true
    }
  },
  {
    "model": "catalog.product",
    "pk": 22,
    "fields": {
      "name": "Реглон Эйр, ВР",
      "discription": "Препаративная форма: Водный раствор\r\nДействующее вещество: Дикват дибромид (дибромид) 200 г/л диквата\r\nСпособ проникновения: Контактный пестицид\r\nХарактер действия: Гербицид сплошного действия\r\nКласс опасности для человека: 3\r\nКласс опасности для пчел: 3\r\nПроизводство: Импортный\r\nФорма выпуска: Канистра 10 л.\r\nСрок хранения: 3 года\r\nПригодность для авиа применения: Да",
      "image": "catalog/000193regloneir.jpg",
      "category": 245,
      "price": "8280.00",
      "created_at": "2024-04-07T16:59:56.125Z",
      "updated_at": "2024-04-30T12:26:29.671Z",
      "in_stock": true
    }
  },
  {
    "model": "catalog.product",
    "pk": 23,
    "fields": {
      "name": "Экспертоф, ВР",
      "discription": "Препаративная форма: Водный раствор\r\nДействующее вещество: Дикват дибромид (дибромид) 150 г/л диквата\r\nСпособ проникновения: Контактный пестицид\r\nХарактер действия: Гербицид сплошного действия\r\nКласс опасности для человека: 3\r\nКласс опасности для пчел: 3\r\nПроизводство: Импортный\r\nФорма выпуска: Канистра 5 л.\r\nСрок хранения: н.д.\r\nПригодность для авиа применения: Да",
      "image": "catalog/ekspertof.jpg",
      "category": 245,
      "price": "1107.15",
      "created_at": "2024-04-07T17:02:12.821Z",
      "updated_at": "2024-04-29T10:39:39.325Z",
      "in_stock": true
    }
  },
  {
    "model": "catalog.product",
    "pk": 25,
    "fields": {
      "name": "БиоПауэр",
      "discription": "Препаративная форма: Водорастворимый концентрат\r\nДействующее вещество: Алкил-эфир-сульфат-натриевой соли 276,5 г/л\r\nСпособ проникновения: Поверхностно-активное вещество (ПАВ)\r\nХарактер действия: Поверхностно-активное вещество (ПАВ)\r\nКласс опасности для человека: 0\r\nКласс опасности для пчел: 0\r\nПроизводство: Импортный\r\nФорма выпуска: Канистра 5 л.\r\nСрок хранения: 2 года\r\nПригодность для авиа применения: Нет",
      "image": "catalog/fdcf253dc76449068aea14897c0b2470.png",
      "category": 246,
      "price": "5100.00",
      "created_at": "2024-04-07T17:06:43.253Z",
      "updated_at": "2024-04-29T10:37:12.473Z",
      "in_stock": true
    }
  },
  {
    "model": "catalog.product",
    "pk": 26,
    "fields": {
      "name": "Б-360, ВР",
      "discription": "Препаративная форма: Водный раствор\r\nДействующее вещество: Липо-хитоолигосахариды 1х10* -6 г/л\r\nСпособ проникновения: Контактный\r\nХарактер действия: Усилитель роста\r\nКласс опасности для человека: 4\r\nКласс опасности для пчел: 0\r\nФорма выпуска: н.д.\r\nСрок хранения: н.д.\r\nПригодность для авиа применения: Нет",
      "image": "catalog/c4caf64fbedc4e04a0e3a35b3d1d68af507706.webp",
      "category": 247,
      "price": "4999.00",
      "created_at": "2024-04-07T17:09:23.153Z",
      "updated_at": "2024-04-29T10:20:16.377Z",
      "in_stock": true
    }
  },
  {
    "model": "catalog.product",
    "pk": 27,
    "fields": {
      "name": "Карамба Дуо, КЭ",
      "discription": "Препаративная форма: Концентрат эмульсии\r\nДействующее вещество: Метконазол + пираклостробин 80 + 130 г/л\r\nСпособ проникновения: Контактный пестицид, системный пестицид\r\nХарактер действия: Защитный пестицид, лечащий фунгицид\r\nКласс опасности для человека: 2\r\nКласс опасности для пчел: 3\r\nПроизводство: Импортный\r\nФорма выпуска: Канистра 5л.\r\nСрок хранения: н.д.\r\nПригодность для авиа применения: Нет",
      "image": "catalog/443509bd7822675476d534e56ae11644.png",
      "category": 247,
      "price": "5380.00",
      "created_at": "2024-04-07T17:11:17.415Z",
      "updated_at": "2024-04-30T14:04:51.260Z",
      "in_stock": false
    }
  },
  {
    "model": "catalog.product",
    "pk": 28,
    "fields": {
      "name": "Велосити Пауэр, ВДГ",
      "discription": "Препаративная форма: Водно-диспергируемые гранулы\r\nДействующее вещество: Тиенкарбазон-метил +Йодосульфурон-метил-натрий + антидот Мефенпир-диэтил 22,5 + 11,3 + 135 г/л\r\nСпособ проникновения: системный пестицид\r\nХарактер действия: гербицид избирательного действия\r\nКласс опасности для человека: 3\r\nКласс опасности для пчел: 3\r\nПроизводство: Импортный\r\nФорма выпуска: канистра 5л\r\nСрок хранения: 2 года\r\nПригодность для авиа применения: Нет",
      "image": "catalog/7b37687bd6a54135b9cff16cf7a08140_WiWbHJ6.png",
      "category": 242,
      "price": "6500.00",
      "created_at": "2024-04-12T00:20:56.811Z",
      "updated_at": "2024-04-29T10:40:33.173Z",
      "in_stock": true
    }
  },
  {
    "model": "catalog.product",
    "pk": 29,
    "fields": {
      "name": "Децис Эксперт, КЭ",
      "discription": "Препаративная форма: Концентрат эмульсии\r\nДействующее вещество: Дельтаметрин 100 г/л\r\nСпособ проникновения: Кишечный пестицид, контактный пестицид\r\nХарактер действия: Системный\r\nКласс опасности для человека: 3\r\nКласс опасности для пчел: 2\r\nПроизводство: Импортный\r\nФорма выпуска: Канистры 1л., 5 л.\r\nСрок хранения: Не менее 4 лет\r\nПригодность для авиа применения: Нет",
      "image": "catalog/c140b1203b0b46158c96a97b7090c30c_AS9WP1r.png",
      "category": 243,
      "price": "5040.00",
      "created_at": "2024-04-12T03:03:30.944Z",
      "updated_at": "2024-04-29T10:41:20.767Z",
      "in_stock": true
    }
  },
  {
    "model": "catalog.product",
    "pk": 30,
    "fields": {
      "name": "Диквабис, ВР",
      "discription": "Препаративная форма: Водный раствор\r\nДействующее вещество: Дикват дибромид 280 г/л (150 г/л)\r\nСпособ проникновения: Контактный пестицид\r\nХарактер действия: Гербицид сплошного действия\r\nКласс опасности для человека: 3\r\nКласс опасности для пчел: 3\r\nФорма выпуска: н.д.\r\nСрок хранения: н.д.\r\nПригодность для авиа применения: Да",
      "image": "catalog/objectImage.jpg",
      "category": 245,
      "price": "1250.00",
      "created_at": "2024-04-13T08:50:14.270Z",
      "updated_at": "2024-04-29T10:43:02.851Z",
      "in_stock": true
    }
  },
  {
    "model": "catalog.product",
    "pk": 31,
    "fields": {
      "name": "Прозаро Квантум, КЭ",
      "discription": "Препаративная форма: Концентрат эмульсии\r\nДействующее вещество: Протиоконазол + тебуконазол 80 + 160 г/л\r\nСпособ проникновения: Системный пестицид\r\nХарактер действия: Защитный пестицид, иммунизирующий фунгицид, лечащий фунгицид\r\nКласс опасности для человека: 2\r\nКласс опасности для пчел: 3\r\nПроизводство: Импортный\r\nФорма выпуска: Канистра 5 л.\r\nСрок хранения: 2 года\r\nПригодность для авиа применения: Нет",
      "image": "catalog/159768a937f24f1eb6702c856346ede4_OWmMJth.png",
      "category": 244,
      "price": "2900.00",
      "created_at": "2024-04-28T13:06:46.270Z",
      "updated_at": "2024-04-29T10:38:31.352Z",
      "in_stock": true
    }
  },
  {
    "model": "catalog.contacts",
    "pk": 1,
    "fields": {
      "address": "Брянск, Добрунь, Луговая, 7А",
      "phone_number": "8-960-560-67-20",
      "email_address": "shiryaev_fox@mail.ru"
    }
  },
  {
    "model": "catalog.feedback",
    "pk": 6,
    "fields": {
      "name": "Test",
      "phone_number": "9065233030",
      "message": "Test"
    }
  },
  {
    "model": "catalog.feedback",
    "pk": 7,
    "fields": {
      "name": "Сергей Ширяев",
      "phone_number": "9105230787",
      "message": "Хочу купить Алистер Гранд, свяжитесь со мной!"
    }
  },
  {
    "model": "catalog.version",
    "pk": 1,
    "fields": {
      "product": 21,
      "number": "2025-12-09",
      "name": "019-02-880-1",
      "is_current": false
    }
  },
  {
    "model": "catalog.version",
    "pk": 2,
    "fields": {
      "product": 20,
      "number": "2031-01-20",
      "name": "019-02-2981-1",
      "is_current": true
    }
  },
  {
    "model": "catalog.version",
    "pk": 3,
    "fields": {
      "product": 19,
      "number": "2027-11-06",
      "name": "019-01-1589-1",
      "is_current": true
    }
  },
  {
    "model": "catalog.version",
    "pk": 4,
    "fields": {
      "product": 17,
      "number": "2025-12-15",
      "name": "019-03-902-1",
      "is_current": true
    }
  },
  {
    "model": "catalog.version",
    "pk": 5,
    "fields": {
      "product": 21,
      "number": "2025-12-09",
      "name": "019-02-880-1",
      "is_current": true
    }
  },
  {
    "model": "catalog.version",
    "pk": 6,
    "fields": {
      "product": 16,
      "number": "2033-03-28",
      "name": "019-03-4052-1",
      "is_current": true
    }
  },
  {
    "model": "catalog.version",
    "pk": 7,
    "fields": {
      "product": 18,
      "number": "2025-01-27",
      "name": "019-01-507-1",
      "is_current": true
    }
  },
  {
    "model": "catalog.version",
    "pk": 8,
    "fields": {
      "product": 26,
      "number": "2028-04-25",
      "name": "090-07-3218-1",
      "is_current": true
    }
  },
  {
    "model": "catalog.version",
    "pk": 9,
    "fields": {
      "product": 22,
      "number": "2023-12-08",
      "name": "041-04-172-1",
      "is_current": true
    }
  },
  {
    "model": "catalog.version",
    "pk": 10,
    "fields": {
      "product": 25,
      "number": null,
      "name": "01-5799-10-31",
      "is_current": true
    }
  },
  {
    "model": "catalog.version",
    "pk": 11,
    "fields": {
      "product": 31,
      "number": "2025-12-09",
      "name": "019-02-880-1",
      "is_current": true
    }
  },
  {
    "model": "catalog.version",
    "pk": 12,
    "fields": {
      "product": 23,
      "number": "2030-05-17",
      "name": "004(549)-04-5001-1",
      "is_current": true
    }
  },
  {
    "model": "catalog.version",
    "pk": 13,
    "fields": {
      "product": 28,
      "number": "2030-11-15",
      "name": "019-03-2877-1",
      "is_current": true
    }
  },
  {
    "model": "catalog.version",
    "pk": 14,
    "fields": {
      "product": 29,
      "number": "2025-01-27",
      "name": "019-01-507-1",
      "is_current": true
    }
  },
  {
    "model": "catalog.version",
    "pk": 15,
    "fields": {
      "product": 27,
      "number": "2027-11-06",
      "name": "014-07-1595-1",
      "is_current": true
    }
  },
  {
    "model": "catalog.version",
    "pk": 16,
    "fields": {
      "product": 30,
      "number": "2031-12-28",
      "name": "070-04-3460-1",
      "is_current": true
    }
  }
]